Number,Character
400,"SUPPLY 1, SUPPLY 1, SUPPLY 1, U_BASE 1, SUPPLY 1, SUPPLY 1, TEMPLE 1, U_SPLY 1, SUPPLY 1, U_BASE 2, "
365,"SUPPLY 1, SUPPLY 1, SUPPLY 1, U_BASE 2, SUPPLY 2, SUPPLY 2, SUPPLY 1, SUPPLY 2, TEMPLE 1, U_SPLY 1, U_SPLY 2, U_SPLY 2, U_SPLY 2, U_SPLY 1, U_BASE 1, U_SPLY 1, U_SPLY 1, "
438,"U_BASE 2, SUPPLY 1, TEMPLE 2, SUPPLY 2, U_BASE 2, SUPPLY 1, SUPPLY 1, SUPPLY 2, SUPPLY 1, SUPPLY 2, SUPPLY 1, "
453,"SUPPLY 1, TEMPLE 1, SUPPLY 1, U_BASE 1, U_SPLY 1, U_SPLY 1, SUPPLY 1, SUPPLY 1, SUPPLY 1, U_SPLY 1, U_BASE 2, U_BASE 2, U_SPLY 1, SUPPLY 1, SUPPLY 2, SUPPLY 2, U_SPLY 2, SUPPLY 2, SUPPLY 2, "
387,"SUPPLY 1, TEMPLE 1, SUPPLY 1, U_BASE 2, SUPPLY 2, SUPPLY 1, U_SPLY 2, SUPPLY 1, "
396,"TEMPLE 1, SUPPLY 1, SUPPLY 1, SUPPLY 1, "
492,"TEMPLE 1, SUPPLY 1, U_BASE 2, SUPPLY 1, U_SPLY 1, SUPPLY 2, SUPPLY 1, U_SPLY 1, SUPPLY 2, SUPPLY 2, SUPPLY 1, U_BASE 2, SUPPLY 2, SUPPLY 2, U_SPLY 1, U_BASE 1, SUPPLY 1, "
500,"TEMPLE 1, SUPPLY 1, U_BASE 2, SUPPLY 1, SUPPLY 1, SUPPLY 1, U_SPLY 1, U_SPLY 1, U_SPLY 1, SUPPLY 2, U_SPLY 1, SUPPLY 2, SUPPLY 2, U_BASE 2, U_BASE 2, SUPPLY 2, "
385,"TEMPLE 1, SUPPLY 1, SUPPLY 1, SUPPLY 1, SUPPLY 1, U_SPLY 1, U_SPLY 1, U_BASE 1, "
485,"U_BASE 2, SUPPLY 2, SUPPLY 2, U_BASE 2, SUPPLY 2, TEMPLE 1, SUPPLY 2, SUPPLY 1, SUPPLY 1, U_BASE 1, U_BASE 2, SUPPLY 2, U_SPLY 1, U_SPLY 1, SUPPLY 2, SUPPLY 2, SUPPLY 1, U_SPLY 1, SUPPLY 1, SUPPLY 1, U_SPLY 1, "
490,"SUPPLY 1, TEMPLE 1, U_BASE 1, U_SPLY 1, SUPPLY 1, U_BASE 2, SUPPLY 1, SUPPLY 1, SUPPLY 1, SUPPLY 1, SUPPLY 2, U_SPLY 2, U_BASE 2, "
,"TEMPLE 1, "
,"TEMPLE 1, "
563,"TEMPLE 1, SUPPLY 1, U_BASE 1, U_SPLY 1, U_BASE 2, SUPPLY 1, U_SPLY 1, SUPPLY 1, U_SPLY 1, SUPPLY 1, "
492,"U_BASE 1, SUPPLY 1, TEMPLE 1, SUPPLY 1, SUPPLY 1, U_SPLY 1, U_BASE 2, U_SPLY 1, SUPPLY 1, "
461,"U_BASE 2, SUPPLY 2, U_BASE 1, SUPPLY 1, SUPPLY 2, SUPPLY 1, TEMPLE 1, SUPPLY 1, SUPPLY 1, SUPPLY 1, SUPPLY 1, U_SPLY 2, U_SPLY 2, "
458,"U_BASE 2, SUPPLY 1, SUPPLY 2, SUPPLY 2, SUPPLY 2, U_BASE 2, TEMPLE 1, U_BASE 2, U_SPLY 1, U_BASE 1, "
381,"TEMPLE 1, SUPPLY 1, SUPPLY 1, SUPPLY 1, U_BASE 2, SUPPLY 2, SUPPLY 1, SUPPLY 2, U_SPLY 1, "
507,"SUPPLY 1, TEMPLE 1, U_BASE 2, U_SPLY 1, SUPPLY 1, SUPPLY 2, U_SPLY 2, U_BASE 2, U_SPLY 1, SUPPLY 2, U_BASE 2, SUPPLY 2, SUPPLY 1, U_SPLY 1, "
536,"TEMPLE 1, SUPPLY 1, U_BASE 1, SUPPLY 1, SUPPLY 1, U_SPLY 1, U_BASE 2, U_BASE 2, U_SPLY 1, U_BASE 2, SUPPLY 1, U_SPLY 1, SUPPLY 1, SUPPLY 2, SUPPLY 1, SUPPLY 2, "
400,"SUPPLY 1, SUPPLY 1, SUPPLY 1, TEMPLE 1, U_SPLY 1, U_SPLY 1, U_SPLY 1, SUPPLY 1, U_BASE 1, U_SPLY 1, SUPPLY 1, U_BASE 2, SUPPLY 2, SUPPLY 2, U_SPLY 2, SUPPLY 1, SUPPLY 2, U_SPLY 2, "
578,"U_BASE 2, SUPPLY 2, TEMPLE 1, SUPPLY 2, U_BASE 2, SUPPLY 1, U_BASE 2, U_BASE 1, U_SPLY 1, SUPPLY 2, SUPPLY 2, SUPPLY 1, SUPPLY 2, SUPPLY 1, U_SPLY 1, U_SPLY 1, SUPPLY 1, SUPPLY 1, SUPPLY 2, SUPPLY 2, SUPPLY 1, "
359,"TEMPLE 1, SUPPLY 1, SUPPLY 1, SUPPLY 1, SUPPLY 1, "
461,"TEMPLE 1, SUPPLY 1, SUPPLY 1, U_BASE 2, SUPPLY 1, "
362,"SUPPLY 1, SUPPLY 1, SUPPLY 1, TEMPLE 1, U_SPLY 1, U_BASE 2, SUPPLY 2, SUPPLY 2, U_SPLY 1, SUPPLY 1, SUPPLY 2, U_SPLY 2, "
359,"TEMPLE 1, SUPPLY 1, SUPPLY 1, SUPPLY 1, SUPPLY 1, "
357,"TEMPLE 1, SUPPLY 1, SUPPLY 1, SUPPLY 1, SUPPLY 1, U_SPLY 1, "
501,"U_BASE 2, SUPPLY 1, SUPPLY 1, TEMPLE 2, SUPPLY 1, U_BASE 2, U_BASE 2, "
384,"SUPPLY 1, SUPPLY 1, SUPPLY 1, TEMPLE 1, SUPPLY 1, U_SPLY 1, U_BASE 2, U_SPLY 1, U_BASE 2, SUPPLY 2, SUPPLY 2, U_SPLY 1, U_SPLY 2, SUPPLY 2, "
483,"TEMPLE 1, SUPPLY 1, U_BASE 2, U_SPLY 1, SUPPLY 2, SUPPLY 2, SUPPLY 1, U_SPLY 1, SUPPLY 1, U_SPLY 1, SUPPLY 1, U_SPLY 1, "
437,"SUPPLY 1, SUPPLY 1, TEMPLE 1, U_SPLY 1, SUPPLY 1, U_SPLY 1, U_BASE 2, U_BASE 2, SUPPLY 2, U_BASE 1, SUPPLY 1, SUPPLY 2, U_BASE 2, SUPPLY 2, SUPPLY 1, U_SPLY 2, "
443,"SUPPLY 1, SUPPLY 1, TEMPLE 1, SUPPLY 1, U_BASE 1, U_SPLY 1, U_BASE 2, SUPPLY 2, U_SPLY 2, SUPPLY 1, U_BASE 2, U_SPLY 1, "
489,"U_BASE 2, SUPPLY 1, SUPPLY 2, TEMPLE 1, U_SPLY 2, "
529,"SUPPLY 1, TEMPLE 1, U_BASE 1, U_SPLY 1, SUPPLY 1, SUPPLY 1, U_SPLY 1, U_BASE 2, U_BASE 2, SUPPLY 1, U_BASE 2, "
397,"SUPPLY 1, TEMPLE 1, SUPPLY 1, U_SPLY 1, SUPPLY 1, SUPPLY 1, U_BASE 1, U_BASE 2, SUPPLY 2, SUPPLY 1, U_SPLY 1, U_SPLY 2, SUPPLY 1, SUPPLY 2, "
549,"TEMPLE 1, SUPPLY 1, SUPPLY 1, U_BASE 2, U_SPLY 1, U_BASE 2, U_BASE 2, U_BASE 1, SUPPLY 2, SUPPLY 2, SUPPLY 2, SUPPLY 2, SUPPLY 1, SUPPLY 1, U_SPLY 1, SUPPLY 1, U_SPLY 1, U_SPLY 1, SUPPLY 1, "
457,"SUPPLY 1, SUPPLY 1, SUPPLY 1, U_BASE 1, SUPPLY 1, SUPPLY 1, TEMPLE 1, U_SPLY 1, U_BASE 2, U_SPLY 1, U_SPLY 1, U_SPLY 1, U_BASE 2, SUPPLY 1, SUPPLY 2, U_BASE 2, SUPPLY 2, SUPPLY 2, SUPPLY 2, "
524,"SUPPLY 1, U_BASE 2, TEMPLE 1, U_BASE 1, SUPPLY 1, U_SPLY 1, SUPPLY 2, SUPPLY 1, U_SPLY 2, SUPPLY 1, SUPPLY 2, "
438,"U_BASE 2, SUPPLY 1, SUPPLY 1, TEMPLE 2, SUPPLY 1, U_BASE 1, SUPPLY 2, SUPPLY 2, U_BASE 2, SUPPLY 2, U_SPLY 2, SUPPLY 2, SUPPLY 1, U_SPLY 2, U_SPLY 2, SUPPLY 1, U_SPLY 2, SUPPLY 1, "
636,"U_BASE 1, SUPPLY 1, U_BASE 2, TEMPLE 1, SUPPLY 2, U_BASE 2, U_SPLY 2, U_SPLY 1, SUPPLY 1, SUPPLY 2, U_BASE 2, SUPPLY 2, U_SPLY 1, SUPPLY 1, "
434,"SUPPLY 1, U_BASE 2, SUPPLY 1, TEMPLE 2, SUPPLY 2, "
397,"SUPPLY 1, SUPPLY 1, TEMPLE 1, SUPPLY 1, U_SPLY 1, SUPPLY 1, U_SPLY 1, U_SPLY 1, U_SPLY 1, U_BASE 1, SUPPLY 1, SUPPLY 1, U_BASE 2, SUPPLY 2, U_BASE 2, "
441,"TEMPLE 1, SUPPLY 1, SUPPLY 1, SUPPLY 1, SUPPLY 1, U_BASE 2, SUPPLY 2, U_SPLY 1, U_BASE 1, U_BASE 2, SUPPLY 2, U_SPLY 1, U_SPLY 1, U_SPLY 1, SUPPLY 2, SUPPLY 2, SUPPLY 2, SUPPLY 1, U_SPLY 1, "
405,"SUPPLY 1, SUPPLY 1, U_BASE 2, SUPPLY 1, TEMPLE 1, U_SPLY 1, SUPPLY 2, SUPPLY 1, SUPPLY 2, SUPPLY 2, U_SPLY 2, U_SPLY 2, U_SPLY 1, U_BASE 1, U_BASE 2, U_SPLY 1, U_SPLY 1, SUPPLY 2, "
458,"SUPPLY 1, U_BASE 1, SUPPLY 1, SUPPLY 1, TEMPLE 1, U_SPLY 1, U_BASE 2, SUPPLY 2, SUPPLY 1, U_SPLY 1, U_BASE 2, U_SPLY 2, SUPPLY 2, U_SPLY 2, U_SPLY 1, SUPPLY 1, SUPPLY 1, "
477,"U_BASE 2, SUPPLY 1, U_BASE 2, SUPPLY 1, TEMPLE 1, SUPPLY 1, SUPPLY 2, U_SPLY 1, U_SPLY 1, U_BASE 2, SUPPLY 2, SUPPLY 1, U_SPLY 1, SUPPLY 2, U_SPLY 2, U_SPLY 1, "
382,"TEMPLE 1, SUPPLY 1, SUPPLY 1, SUPPLY 1, SUPPLY 1, U_BASE 2, SUPPLY 2, "
406,"SUPPLY 1, TEMPLE 1, U_SPLY 1, U_BASE 2, SUPPLY 2, SUPPLY 1, SUPPLY 2, SUPPLY 1, SUPPLY 2, "
560,"U_BASE 2, SUPPLY 2, TEMPLE 1, U_BASE 2, SUPPLY 1, SUPPLY 1, U_SPLY 1, U_SPLY 1, SUPPLY 1, SUPPLY 1, U_SPLY 1, U_BASE 2, "
549,"U_BASE 1, SUPPLY 1, TEMPLE 1, SUPPLY 1, U_SPLY 1, SUPPLY 1, U_SPLY 1, U_SPLY 1, U_BASE 2, U_BASE 2, U_BASE 2, SUPPLY 2, SUPPLY 1, U_SPLY 1, SUPPLY 1, SUPPLY 1, SUPPLY 2, SUPPLY 2, SUPPLY 2, SUPPLY 2, SUPPLY 2, SUPPLY 2, "
424,"U_BASE 2, SUPPLY 2, SUPPLY 1, SUPPLY 2, SUPPLY 2, U_BASE 1, U_BASE 2, SUPPLY 2, TEMPLE 1, SUPPLY 1, U_SPLY 1, SUPPLY 1, U_SPLY 2, U_BASE 2, SUPPLY 2, SUPPLY 1, "
368,"TEMPLE 1, SUPPLY 1, SUPPLY 1, SUPPLY 1, SUPPLY 1, U_SPLY 1, U_BASE 1, SUPPLY 1, SUPPLY 1, "
413,"SUPPLY 1, SUPPLY 1, U_BASE 2, U_BASE 1, SUPPLY 1, SUPPLY 2, TEMPLE 1, SUPPLY 1, U_SPLY 1, U_SPLY 1, U_SPLY 2, SUPPLY 2, SUPPLY 1, SUPPLY 2, U_BASE 2, SUPPLY 1, "
387,"SUPPLY 1, SUPPLY 1, SUPPLY 1, SUPPLY 1, U_BASE 2, TEMPLE 2, SUPPLY 2, U_BASE 1, U_BASE 2, U_SPLY 2, SUPPLY 2, SUPPLY 2, SUPPLY 1, SUPPLY 1, SUPPLY 2, SUPPLY 1, "
484,"TEMPLE 1, SUPPLY 1, SUPPLY 1, "
495,"TEMPLE 1, SUPPLY 1, U_BASE 1, SUPPLY 1, U_BASE 2, SUPPLY 1, U_SPLY 1, U_SPLY 1, SUPPLY 2, SUPPLY 2, SUPPLY 1, SUPPLY 2, "
397,"U_BASE 2, SUPPLY 1, SUPPLY 1, SUPPLY 2, TEMPLE 2, U_SPLY 1, SUPPLY 2, U_BASE 1, "
356,"SUPPLY 1, SUPPLY 1, SUPPLY 1, U_BASE 2, SUPPLY 2, SUPPLY 1, TEMPLE 1, U_SPLY 1, U_SPLY 2, SUPPLY 2, U_BASE 1, "
396,"TEMPLE 1, SUPPLY 1, SUPPLY 1, SUPPLY 1, "
459,"SUPPLY 1, SUPPLY 1, TEMPLE 1, U_SPLY 1, U_SPLY 1, U_BASE 2, U_BASE 2, U_BASE 2, SUPPLY 2, SUPPLY 1, U_SPLY 1, "
423,"SUPPLY 1, SUPPLY 1, U_BASE 1, SUPPLY 1, SUPPLY 1, U_BASE 2, SUPPLY 1, U_BASE 2, SUPPLY 1, SUPPLY 1, U_BASE 2, SUPPLY 2, TEMPLE 2, SUPPLY 2, "
374,"SUPPLY 1, SUPPLY 1, SUPPLY 1, U_BASE 1, TEMPLE 1, SUPPLY 1, SUPPLY 1, SUPPLY 1, "
504,"SUPPLY 1, U_BASE 1, U_BASE 2, SUPPLY 1, TEMPLE 1, U_SPLY 1, SUPPLY 1, SUPPLY 2, SUPPLY 2, U_SPLY 2, SUPPLY 2, U_SPLY 2, U_SPLY 1, SUPPLY 1, "
396,"TEMPLE 1, SUPPLY 1, SUPPLY 1, SUPPLY 1, "
448,"SUPPLY 1, SUPPLY 1, U_BASE 2, TEMPLE 2, U_BASE 2, SUPPLY 1, SUPPLY 2, SUPPLY 1, SUPPLY 2, SUPPLY 2, SUPPLY 2, SUPPLY 1, U_BASE 1, SUPPLY 1, U_SPLY 2, U_SPLY 2, U_SPLY 2, U_BASE 2, SUPPLY 2, SUPPLY 2, "
451,"SUPPLY 1, U_BASE 1, TEMPLE 1, SUPPLY 1, U_SPLY 1, SUPPLY 1, SUPPLY 1, U_SPLY 1, U_SPLY 1, "
643,"U_BASE 2, SUPPLY 2, U_BASE 1, U_BASE 2, TEMPLE 1, SUPPLY 2, SUPPLY 1, SUPPLY 1, SUPPLY 1, SUPPLY 2, U_SPLY 1, SUPPLY 1, SUPPLY 1, U_BASE 2, SUPPLY 2, U_SPLY 1, SUPPLY 1, SUPPLY 2, SUPPLY 2, "
477,"TEMPLE 1, SUPPLY 1, U_BASE 2, SUPPLY 1, SUPPLY 2, SUPPLY 1, U_SPLY 1, SUPPLY 1, SUPPLY 2, SUPPLY 2, U_BASE 2, SUPPLY 2, SUPPLY 2, U_BASE 2, "
482,"TEMPLE 1, SUPPLY 1, U_BASE 2, SUPPLY 1, U_SPLY 1, SUPPLY 2, SUPPLY 2, U_BASE 1, SUPPLY 1, SUPPLY 2, SUPPLY 1, U_SPLY 1, "
553,"TEMPLE 1, SUPPLY 1, SUPPLY 1, U_BASE 2, U_BASE 1, U_BASE 2, U_SPLY 1, SUPPLY 1, SUPPLY 1, U_SPLY 1, SUPPLY 2, U_BASE 2, SUPPLY 1, U_SPLY 1, U_SPLY 1, SUPPLY 2, SUPPLY 2, SUPPLY 1, SUPPLY 2, SUPPLY 2, SUPPLY 2, SUPPLY 2, "
470,"U_BASE 2, SUPPLY 1, U_BASE 2, SUPPLY 1, SUPPLY 2, SUPPLY 2, U_BASE 1, SUPPLY 1, SUPPLY 1, TEMPLE 2, U_SPLY 2, U_SPLY 1, SUPPLY 1, U_SPLY 2, U_SPLY 1, SUPPLY 1, SUPPLY 1, SUPPLY 2, U_SPLY 2, U_BASE 2, SUPPLY 2, SUPPLY 2, SUPPLY 2, "
516,"SUPPLY 1, U_BASE 1, SUPPLY 1, U_BASE 2, TEMPLE 2, U_BASE 2, SUPPLY 2, SUPPLY 1, "
384,"SUPPLY 1, SUPPLY 1, SUPPLY 1, TEMPLE 1, SUPPLY 1, U_SPLY 1, U_SPLY 1, U_SPLY 1, U_BASE 1, U_BASE 2, SUPPLY 2, "
402,"SUPPLY 1, SUPPLY 1, TEMPLE 1, U_SPLY 1, SUPPLY 1, SUPPLY 1, U_SPLY 1, U_SPLY 1, U_BASE 1, U_BASE 2, SUPPLY 2, U_SPLY 1, U_SPLY 2, SUPPLY 1, U_SPLY 1, SUPPLY 2, "
504,"TEMPLE 1, SUPPLY 1, SUPPLY 1, U_BASE 2, SUPPLY 1, U_BASE 2, SUPPLY 1, U_SPLY 1, U_SPLY 1, U_BASE 1, SUPPLY 2, SUPPLY 2, SUPPLY 2, U_SPLY 1, U_BASE 2, U_SPLY 1, SUPPLY 2, SUPPLY 2, SUPPLY 2, SUPPLY 1, SUPPLY 1, SUPPLY 2, "
571,"SUPPLY 1, TEMPLE 1, U_SPLY 1, U_BASE 1, U_BASE 2, SUPPLY 1, U_SPLY 1, U_BASE 2, SUPPLY 2, SUPPLY 1, U_BASE 2, U_SPLY 1, SUPPLY 2, U_SPLY 2, SUPPLY 1, SUPPLY 2, U_SPLY 1, SUPPLY 2, SUPPLY 1, U_SPLY 1, SUPPLY 1, "
477,"SUPPLY 1, SUPPLY 1, U_BASE 1, SUPPLY 1, TEMPLE 1, SUPPLY 1, SUPPLY 1, U_SPLY 1, U_SPLY 1, U_BASE 2, SUPPLY 2, U_SPLY 1, SUPPLY 1, SUPPLY 2, U_SPLY 2, U_BASE 2, U_BASE 2, U_SPLY 2, SUPPLY 2, SUPPLY 2, SUPPLY 2, U_SPLY 2, "
603,"U_BASE 1, SUPPLY 1, U_BASE 2, TEMPLE 1, U_SPLY 1, SUPPLY 2, SUPPLY 1, SUPPLY 2, U_SPLY 2, SUPPLY 1, U_SPLY 1, U_SPLY 1, U_BASE 2, SUPPLY 1, U_SPLY 1, SUPPLY 1, SUPPLY 1, SUPPLY 2, "
484,"U_BASE 1, SUPPLY 1, SUPPLY 1, U_BASE 2, U_BASE 2, SUPPLY 1, SUPPLY 2, TEMPLE 1, U_SPLY 2, SUPPLY 2, U_SPLY 1, U_SPLY 1, U_SPLY 1, SUPPLY 1, SUPPLY 2, U_SPLY 1, U_SPLY 2, SUPPLY 2, "
436,"SUPPLY 1, SUPPLY 1, TEMPLE 1, U_BASE 1, SUPPLY 1, U_SPLY 1, SUPPLY 1, SUPPLY 1, SUPPLY 1, U_BASE 2, SUPPLY 2, U_SPLY 2, SUPPLY 2, U_BASE 2, U_BASE 2, "
409,"SUPPLY 1, SUPPLY 1, TEMPLE 1, U_BASE 1, U_SPLY 1, U_SPLY 1, SUPPLY 1, SUPPLY 1, U_SPLY 1, U_SPLY 1, SUPPLY 1, SUPPLY 1, U_BASE 2, "
406,"SUPPLY 1, U_BASE 2, SUPPLY 1, SUPPLY 2, SUPPLY 2, U_BASE 1, SUPPLY 2, U_BASE 2, SUPPLY 1, SUPPLY 2, SUPPLY 2, U_BASE 2, SUPPLY 1, SUPPLY 2, SUPPLY 2, TEMPLE 1, U_SPLY 1, U_SPLY 1, U_SPLY 1, U_SPLY 1, SUPPLY 1, SUPPLY 1, "
387,"SUPPLY 1, U_BASE 1, SUPPLY 1, SUPPLY 1, TEMPLE 1, SUPPLY 1, SUPPLY 1, U_SPLY 1, U_SPLY 1, U_SPLY 1, "
528,"U_BASE 1, SUPPLY 1, SUPPLY 1, U_BASE 2, TEMPLE 1, U_SPLY 1, U_SPLY 1, SUPPLY 1, SUPPLY 2, SUPPLY 2, SUPPLY 1, U_SPLY 2, U_SPLY 2, U_SPLY 1, U_BASE 2, U_BASE 2, U_SPLY 1, SUPPLY 2, SUPPLY 2, SUPPLY 2, SUPPLY 1, "
400,"TEMPLE 1, SUPPLY 1, SUPPLY 1, SUPPLY 1, SUPPLY 1, U_BASE 2, "
484,"TEMPLE 1, SUPPLY 1, SUPPLY 1, "
443,"TEMPLE 1, SUPPLY 1, SUPPLY 1, SUPPLY 1, SUPPLY 1, U_BASE 2, U_BASE 2, U_BASE 2, SUPPLY 2, SUPPLY 2, SUPPLY 2, SUPPLY 2, SUPPLY 2, SUPPLY 2, SUPPLY 2, "
504,"TEMPLE 1, SUPPLY 1, U_BASE 2, SUPPLY 1, SUPPLY 1, U_SPLY 1, U_BASE 1, SUPPLY 2, U_SPLY 1, "
520,"U_BASE 2, SUPPLY 1, TEMPLE 2, SUPPLY 1, U_BASE 1, SUPPLY 2, U_BASE 2, SUPPLY 1, U_SPLY 2, SUPPLY 1, SUPPLY 2, U_BASE 2, SUPPLY 2, U_SPLY 2, SUPPLY 1, SUPPLY 1, SUPPLY 2, "
443,"SUPPLY 1, SUPPLY 1, U_BASE 2, TEMPLE 1, SUPPLY 1, U_SPLY 1, SUPPLY 1, U_SPLY 1, U_SPLY 1, U_SPLY 1, U_BASE 2, U_BASE 1, SUPPLY 1, SUPPLY 2, U_SPLY 2, U_SPLY 1, SUPPLY 1, SUPPLY 2, "
395,"U_BASE 2, SUPPLY 1, SUPPLY 1, SUPPLY 2, U_BASE 2, SUPPLY 2, SUPPLY 2, TEMPLE 2, U_BASE 2, U_SPLY 1, "
686,"TEMPLE 1, SUPPLY 1, U_BASE 1, U_BASE 2, U_BASE 2, SUPPLY 2, SUPPLY 1, U_BASE 2, U_SPLY 1, SUPPLY 2, "
424,"TEMPLE 1, SUPPLY 1, SUPPLY 1, U_BASE 2, SUPPLY 2, SUPPLY 1, U_SPLY 1, U_SPLY 1, SUPPLY 2, SUPPLY 2, SUPPLY 1, U_SPLY 1, U_SPLY 1, U_BASE 2, "
409,"SUPPLY 1, SUPPLY 1, U_BASE 2, SUPPLY 2, SUPPLY 1, TEMPLE 1, SUPPLY 2, SUPPLY 2, U_SPLY 2, U_SPLY 2, U_SPLY 1, U_SPLY 1, U_SPLY 2, U_BASE 2, U_BASE 2, SUPPLY 1, U_BASE 1, SUPPLY 2, SUPPLY 1, SUPPLY 2, SUPPLY 1, SUPPLY 2, SUPPLY 2, "
,"TEMPLE 1, "
392,"SUPPLY 1, TEMPLE 1, SUPPLY 1, U_BASE 2, U_SPLY 1, SUPPLY 1, SUPPLY 2, SUPPLY 1, "
386,"SUPPLY 1, SUPPLY 1, TEMPLE 1, SUPPLY 1, SUPPLY 1, U_BASE 1, "
441,"SUPPLY 1, U_BASE 1, SUPPLY 1, SUPPLY 1, SUPPLY 1, U_BASE 2, U_BASE 2, TEMPLE 1, U_SPLY 1, SUPPLY 2, "
543,"U_BASE 2, SUPPLY 1, U_BASE 2, U_BASE 2, SUPPLY 1, SUPPLY 2, SUPPLY 2, SUPPLY 2, U_BASE 1, TEMPLE 2, U_SPLY 1, U_SPLY 1, SUPPLY 2, SUPPLY 2, SUPPLY 2, SUPPLY 1, SUPPLY 1, U_SPLY 1, SUPPLY 1, SUPPLY 1, SUPPLY 1, "
,"U_BASE 2, SUPPLY 1, U_BASE 1, U_BASE 2, TEMPLE 1, "
381,"U_BASE 1, SUPPLY 1, SUPPLY 1, SUPPLY 1, TEMPLE 1, SUPPLY 1, U_SPLY 1, SUPPLY 1, "
448,"SUPPLY 1, SUPPLY 1, SUPPLY 1, U_BASE 1, TEMPLE 1, U_BASE 2, SUPPLY 2, "
455,"SUPPLY 1, TEMPLE 1, U_SPLY 1, U_BASE 2, SUPPLY 2, SUPPLY 2, U_SPLY 2, SUPPLY 2, SUPPLY 1, U_BASE 1, U_SPLY 1, "
711,"SUPPLY 1, U_BASE 1, U_BASE 2, TEMPLE 1, U_BASE 2, U_SPLY 1, SUPPLY 1, U_BASE 2, SUPPLY 1, U_SPLY 1, U_SPLY 1, SUPPLY 1, SUPPLY 1, SUPPLY 1, SUPPLY 2, SUPPLY 2, U_SPLY 2, "
779,"U_BASE 1, SUPPLY 1, U_BASE 2, TEMPLE 2, U_BASE 2, SUPPLY 1, "
720,"U_BASE 1, SUPPLY 1, TEMPLE 1, U_SPLY 1, "
421,"SUPPLY 1, U_BASE 2, SUPPLY 1, SUPPLY 1, SUPPLY 1, TEMPLE 1, U_BASE 1, SUPPLY 1, U_SPLY 1, SUPPLY 2, U_SPLY 1, U_SPLY 2, SUPPLY 2, U_SPLY 1, U_SPLY 1, SUPPLY 2, U_SPLY 2, U_SPLY 1, U_SPLY 2, U_BASE 2, SUPPLY 2, "
542,"U_BASE 1, SUPPLY 1, SUPPLY 1, U_BASE 2, TEMPLE 1, U_SPLY 1, U_BASE 2, SUPPLY 1, U_SPLY 1, "
449,"U_BASE 2, SUPPLY 2, SUPPLY 2, SUPPLY 2, SUPPLY 1, U_BASE 2, U_BASE 2, TEMPLE 2, U_SPLY 2, U_SPLY 1, SUPPLY 2, U_SPLY 2, U_SPLY 2, SUPPLY 1, U_SPLY 1, U_SPLY 2, SUPPLY 1, "
421,"SUPPLY 1, SUPPLY 1, SUPPLY 1, TEMPLE 1, U_SPLY 1, U_BASE 2, U_SPLY 1, SUPPLY 1, U_SPLY 1, SUPPLY 2, U_SPLY 2, U_BASE 2, SUPPLY 2, U_SPLY 1, U_BASE 1, SUPPLY 2, SUPPLY 1, U_SPLY 2, U_SPLY 1, "
720,"U_BASE 1, SUPPLY 1, TEMPLE 1, U_SPLY 1, "
467,"SUPPLY 1, TEMPLE 1, SUPPLY 1, "
485,"U_BASE 2, SUPPLY 1, TEMPLE 2, SUPPLY 1, U_BASE 2, SUPPLY 2, SUPPLY 1, U_BASE 1, U_SPLY 2, SUPPLY 1, SUPPLY 2, U_SPLY 2, "
549,"TEMPLE 1, SUPPLY 1, U_BASE 1, SUPPLY 1, U_BASE 2, SUPPLY 2, U_SPLY 1, U_SPLY 1, SUPPLY 2, U_BASE 2, SUPPLY 1, SUPPLY 1, U_SPLY 1, SUPPLY 1, SUPPLY 2, U_BASE 2, SUPPLY 1, SUPPLY 2, "
474,"U_BASE 1, SUPPLY 1, SUPPLY 1, U_BASE 2, TEMPLE 2, SUPPLY 1, SUPPLY 2, "
779,"TEMPLE 1, SUPPLY 1, "
465,"SUPPLY 1, SUPPLY 1, U_BASE 2, U_BASE 1, TEMPLE 2, SUPPLY 1, SUPPLY 2, SUPPLY 1, U_SPLY 2, U_BASE 2, SUPPLY 1, SUPPLY 1, SUPPLY 1, SUPPLY 2, U_BASE 2, SUPPLY 2, U_SPLY 2, SUPPLY 2, SUPPLY 2, SUPPLY 2, "
657,"U_BASE 2, SUPPLY 2, U_BASE 2, U_BASE 1, U_BASE 2, SUPPLY 1, SUPPLY 2, TEMPLE 1, SUPPLY 1, U_SPLY 1, U_SPLY 1, SUPPLY 2, SUPPLY 1, SUPPLY 2, SUPPLY 1, SUPPLY 2, U_SPLY 2, U_SPLY 1, "
506,"SUPPLY 1, SUPPLY 1, U_BASE 2, U_BASE 1, TEMPLE 2, U_BASE 2, SUPPLY 1, U_BASE 2, SUPPLY 2, SUPPLY 2, SUPPLY 2, "
,"TEMPLE 1, "
372,"SUPPLY 1, U_BASE 2, SUPPLY 1, SUPPLY 1, SUPPLY 1, SUPPLY 2, U_BASE 1, TEMPLE 2, SUPPLY 2, SUPPLY 1, U_SPLY 2, SUPPLY 1, SUPPLY 1, U_BASE 2, SUPPLY 2, SUPPLY 2, "
624,"U_BASE 2, SUPPLY 2, TEMPLE 1, U_BASE 2, SUPPLY 2, U_BASE 1, U_BASE 2, SUPPLY 2, SUPPLY 1, SUPPLY 2, SUPPLY 2, SUPPLY 2, "
483,"SUPPLY 1, SUPPLY 1, U_BASE 1, U_BASE 2, TEMPLE 1, SUPPLY 2, U_SPLY 1, U_SPLY 1, U_SPLY 2, SUPPLY 2, U_SPLY 2, "
403,"SUPPLY 1, SUPPLY 1, SUPPLY 1, SUPPLY 1, U_BASE 2, SUPPLY 2, SUPPLY 2, U_BASE 2, SUPPLY 2, U_BASE 2, TEMPLE 2, SUPPLY 1, U_SPLY 2, U_SPLY 2, U_SPLY 2, U_SPLY 1, SUPPLY 2, U_SPLY 1, U_SPLY 1, "
747,"SUPPLY 1, TEMPLE 1, "
401,"SUPPLY 1, U_BASE 2, SUPPLY 2, SUPPLY 2, SUPPLY 2, SUPPLY 1, SUPPLY 1, U_BASE 1, TEMPLE 1, SUPPLY 1, U_SPLY 2, U_BASE 2, SUPPLY 2, U_SPLY 1, SUPPLY 1, U_SPLY 2, U_SPLY 2, SUPPLY 2, U_BASE 2, "
395,"SUPPLY 1, U_BASE 2, SUPPLY 1, TEMPLE 2, SUPPLY 1, SUPPLY 1, SUPPLY 1, U_BASE 1, SUPPLY 2, U_SPLY 2, "
466,"SUPPLY 1, SUPPLY 1, U_BASE 2, TEMPLE 1, U_BASE 1, SUPPLY 1, SUPPLY 2, SUPPLY 1, SUPPLY 2, U_SPLY 1, U_BASE 2, SUPPLY 1, U_SPLY 2, U_SPLY 2, U_SPLY 1, SUPPLY 2, SUPPLY 1, SUPPLY 2, SUPPLY 2, U_BASE 2, "
457,"TEMPLE 1, SUPPLY 1, SUPPLY 1, SUPPLY 1, SUPPLY 1, U_SPLY 1, U_SPLY 1, U_SPLY 1, U_BASE 1, U_BASE 2, U_BASE 2, SUPPLY 2, SUPPLY 2, U_BASE 2, SUPPLY 1, U_SPLY 1, SUPPLY 2, SUPPLY 1, SUPPLY 2, "
531,"U_BASE 1, SUPPLY 1, SUPPLY 1, U_BASE 2, TEMPLE 1, U_SPLY 1, U_SPLY 1, SUPPLY 1, SUPPLY 1, U_BASE 2, SUPPLY 1, U_BASE 2, SUPPLY 2, SUPPLY 2, SUPPLY 2, SUPPLY 1, SUPPLY 2, SUPPLY 2, SUPPLY 2, "
409,"TEMPLE 1, SUPPLY 1, SUPPLY 1, SUPPLY 1, U_BASE 1, U_BASE 2, SUPPLY 1, SUPPLY 1, SUPPLY 1, SUPPLY 2, "
497,"TEMPLE 1, SUPPLY 1, U_BASE 1, U_SPLY 1, SUPPLY 1, U_SPLY 1, SUPPLY 1, U_SPLY 1, SUPPLY 1, U_SPLY 1, SUPPLY 1, SUPPLY 1, U_BASE 2, SUPPLY 2, SUPPLY 2, SUPPLY 2, "
454,"SUPPLY 1, U_BASE 2, SUPPLY 2, U_BASE 1, TEMPLE 2, U_SPLY 2, SUPPLY 2, U_SPLY 1, U_SPLY 2, SUPPLY 1, "
476,"SUPPLY 1, SUPPLY 1, TEMPLE 1, U_SPLY 1, U_SPLY 1, U_BASE 2, SUPPLY 2, U_BASE 1, U_BASE 2, SUPPLY 2, SUPPLY 1, U_SPLY 1, U_SPLY 2, U_SPLY 2, U_BASE 2, SUPPLY 2, SUPPLY 2, SUPPLY 2, SUPPLY 1, SUPPLY 1, U_SPLY 1, "
388,"TEMPLE 1, SUPPLY 1, SUPPLY 1, SUPPLY 1, U_BASE 2, SUPPLY 1, U_SPLY 1, U_SPLY 1, SUPPLY 2, U_SPLY 1, SUPPLY 2, SUPPLY 2, "
478,"TEMPLE 1, SUPPLY 1, U_BASE 1, SUPPLY 1, SUPPLY 1, U_SPLY 1, U_SPLY 1, SUPPLY 1, U_SPLY 1, U_SPLY 1, U_BASE 2, "
509,"TEMPLE 1, SUPPLY 1, U_BASE 1, SUPPLY 1, U_SPLY 1, U_BASE 2, SUPPLY 1, SUPPLY 1, SUPPLY 2, U_SPLY 1, U_SPLY 1, SUPPLY 1, U_SPLY 1, SUPPLY 2, SUPPLY 1, U_BASE 2, "
627,"U_BASE 1, SUPPLY 1, U_BASE 2, TEMPLE 1, U_SPLY 1, SUPPLY 2, U_BASE 2, U_SPLY 2, SUPPLY 1, U_SPLY 1, SUPPLY 2, SUPPLY 1, SUPPLY 1, U_SPLY 1, "
421,"SUPPLY 1, SUPPLY 1, U_BASE 1, TEMPLE 1, SUPPLY 1, U_SPLY 1, SUPPLY 1, U_SPLY 1, SUPPLY 1, SUPPLY 1, U_BASE 2, "
621,"U_BASE 2, SUPPLY 2, TEMPLE 2, U_SPLY 2, U_BASE 2, U_BASE 1, SUPPLY 2, U_SPLY 2, SUPPLY 2, SUPPLY 2, SUPPLY 1, U_SPLY 2, U_SPLY 2, U_SPLY 1, "
451,"TEMPLE 1, SUPPLY 1, U_BASE 2, SUPPLY 2, SUPPLY 1, SUPPLY 2, SUPPLY 2, U_SPLY 1, SUPPLY 1, SUPPLY 1, U_BASE 2, "
414,"SUPPLY 1, U_BASE 1, SUPPLY 1, TEMPLE 1, U_SPLY 1, SUPPLY 1, SUPPLY 1, U_SPLY 1, "
440,"U_BASE 2, SUPPLY 1, TEMPLE 2, SUPPLY 2, SUPPLY 1, SUPPLY 1, SUPPLY 1, U_BASE 1, SUPPLY 1, SUPPLY 2, U_SPLY 2, "
427,"SUPPLY 1, TEMPLE 1, U_SPLY 1, U_BASE 2, SUPPLY 2, U_SPLY 2, SUPPLY 2, SUPPLY 1, SUPPLY 2, "
